标题,标题链接,bd,数量,编号,inq
肖申克的救赎,https://movie.douban.com/subject/1292052/,"
                            导演: 弗兰克·德拉邦特 Frank Darabont   主演: 蒂姆·罗宾斯 Tim Robbins /...
                            1994 / 美国 / 犯罪 剧情
                        ",9.7,2940974人评价,希望让人自由。
霸王别姬,https://movie.douban.com/subject/1291546/,"
                            导演: 陈凯歌 Kaige Chen   主演: 张国荣 Leslie Cheung / 张丰毅 Fengyi Zha...
                            1993 / 中国大陆 中国香港 / 剧情 爱情 同性
                        ",9.6,2172648人评价,风华绝代。
阿甘正传,https://movie.douban.com/subject/1292720/,"
                            导演: 罗伯特·泽米吉斯 Robert Zemeckis   主演: 汤姆·汉克斯 Tom Hanks / ...
                            1994 / 美国 / 剧情 爱情
                        ",9.5,2192218人评价,一部美国近现代史。
泰坦尼克号,https://movie.douban.com/subject/1292722/,"
                            导演: 詹姆斯·卡梅隆 James Cameron   主演: 莱昂纳多·迪卡普里奥 Leonardo...
                            1997 / 美国 墨西哥 / 剧情 爱情 灾难
                        ",9.5,2225770人评价,失去的才是永恒的。 
这个杀手不太冷,https://movie.douban.com/subject/1295644/,"
                            导演: 吕克·贝松 Luc Besson   主演: 让·雷诺 Jean Reno / 娜塔莉·波特曼 ...
                            1994 / 法国 美国 / 剧情 动作 犯罪
                        ",9.4,2324407人评价,怪蜀黍和小萝莉不得不说的故事。
千与千寻,https://movie.douban.com/subject/1291561/,"
                            导演: 宫崎骏 Hayao Miyazaki   主演: 柊瑠美 Rumi Hîragi / 入野自由 Miy...
                            2001 / 日本 / 剧情 动画 奇幻
                        ",9.4,2275845人评价,最好的宫崎骏，最好的久石让。 
美丽人生,https://movie.douban.com/subject/1292063/,"
                            导演: 罗伯托·贝尼尼 Roberto Benigni   主演: 罗伯托·贝尼尼 Roberto Beni...
                            1997 / 意大利 / 剧情 喜剧 爱情 战争
                        ",9.5,1344658人评价,最美的谎言。
星际穿越,https://movie.douban.com/subject/1889243/,"
                            导演: 克里斯托弗·诺兰 Christopher Nolan   主演: 马修·麦康纳 Matthew Mc...
                            2014 / 美国 英国 加拿大 / 剧情 科幻 冒险
                        ",9.4,1880904人评价,爱是一种力量，让我们超越时空感知它的存在。
盗梦空间,https://movie.douban.com/subject/3541415/,"
                            导演: 克里斯托弗·诺兰 Christopher Nolan   主演: 莱昂纳多·迪卡普里奥 Le...
                            2010 / 美国 英国 / 剧情 科幻 悬疑 冒险
                        ",9.4,2096348人评价,诺兰给了我们一场无法盗取的梦。
辛德勒的名单,https://movie.douban.com/subject/1295124/,"
                            导演: 史蒂文·斯皮尔伯格 Steven Spielberg   主演: 连姆·尼森 Liam Neeson...
                            1993 / 美国 / 剧情 历史 战争
                        ",9.5,1135361人评价,拯救一个人，就是拯救整个世界。
楚门的世界,https://movie.douban.com/subject/1292064/,"
                            导演: 彼得·威尔 Peter Weir   主演: 金·凯瑞 Jim Carrey / 劳拉·琳妮 Lau...
                            1998 / 美国 / 剧情 科幻
                        ",9.4,1744178人评价,如果再也不能见到你，祝你早安，午安，晚安。
忠犬八公的故事,https://movie.douban.com/subject/3011091/,"
                            导演: 莱塞·霍尔斯道姆 Lasse Hallström   主演: 理查·基尔 Richard Ger...
                            2009 / 美国 英国 / 剧情
                        ",9.4,1415168人评价,永远都不能忘记你所爱的人。
海上钢琴师,https://movie.douban.com/subject/1292001/,"
                            导演: 朱塞佩·托纳多雷 Giuseppe Tornatore   主演: 蒂姆·罗斯 Tim Roth / ...
                            1998 / 意大利 / 剧情 音乐
                        ",9.3,1699985人评价,每个人都要走一条自己坚定了的路，就算是粉身碎骨。 
三傻大闹宝莱坞,https://movie.douban.com/subject/3793023/,"
                            导演: 拉库马·希拉尼 Rajkumar Hirani   主演: 阿米尔·汗 Aamir Khan / 卡...
                            2009 / 印度 / 剧情 喜剧 爱情 歌舞
                        ",9.2,1883164人评价,英俊版憨豆，高情商版谢耳朵。
放牛班的春天,https://movie.douban.com/subject/1291549/,"
                            导演: 克里斯托夫·巴拉蒂 Christophe Barratier   主演: 让-巴蒂斯特·莫尼...
                            2004 / 法国 瑞士 德国 / 剧情 音乐
                        ",9.3,1330938人评价,天籁一般的童声，是最接近上帝的存在。 
机器人总动员,https://movie.douban.com/subject/2131459/,"
                            导演: 安德鲁·斯坦顿 Andrew Stanton   主演: 本·贝尔特 Ben Burtt / 艾丽...
                            2008 / 美国 / 科幻 动画 冒险
                        ",9.3,1334872人评价,小瓦力，大人生。
疯狂动物城,https://movie.douban.com/subject/25662329/,"
                            导演: 拜伦·霍华德 Byron Howard / 瑞奇·摩尔 Rich Moore   主演: 金妮弗·...
                            2016 / 美国 / 喜剧 动画 冒险
                        ",9.2,1973355人评价,迪士尼给我们营造的乌托邦就是这样，永远善良勇敢，永远出乎意料。
无间道,https://movie.douban.com/subject/1307914/,"
                            导演: 刘伟强 / 麦兆辉   主演: 刘德华 Andy Lau / 梁朝伟 Tony Leung Chiu W...
                            2002 / 中国香港 / 剧情 犯罪 惊悚
                        ",9.3,1386893人评价,香港电影史上永不过时的杰作。
控方证人,https://movie.douban.com/subject/1296141/,"
                            导演: 比利·怀尔德 Billy Wilder   主演: 泰隆·鲍华 Tyrone Power / 玛琳·...
                            1957 / 美国 / 剧情 犯罪 悬疑
                        ",9.6,577063人评价,比利·怀德满分作品。
大话西游之大圣娶亲,https://movie.douban.com/subject/1292213/,"
                            导演: 刘镇伟 Jeffrey Lau   主演: 周星驰 Stephen Chow / 吴孟达 Man Tat Ng...
                            1995 / 中国香港 中国大陆 / 喜剧 爱情 奇幻 古装
                        ",9.2,1554086人评价,一生所爱。
熔炉,https://movie.douban.com/subject/5912992/,"
                            导演: 黄东赫 Dong-hyuk Hwang   主演: 孔侑 Yoo Gong / 郑有美 Yu-mi Jung /...
                            2011 / 韩国 / 剧情
                        ",9.4,943654人评价,我们一路奋战不是为了改变世界，而是为了不让世界改变我们。
教父,https://movie.douban.com/subject/1291841/,"
                            导演: 弗朗西斯·福特·科波拉 Francis Ford Coppola   主演: 马龙·白兰度 M...
                            1972 / 美国 / 剧情 犯罪
                        ",9.3,983188人评价,千万不要记恨你的对手，这样会让你失去理智。
触不可及,https://movie.douban.com/subject/6786002/,"
                            导演: 奥利维·那卡什 Olivier Nakache / 艾力克·托兰达 Eric Toledano   主...
                            2011 / 法国 / 剧情 喜剧
                        ",9.3,1136363人评价,满满温情的高雅喜剧。
当幸福来敲门,https://movie.douban.com/subject/1849031/,"
                            导演: 加布里尔·穆奇诺 Gabriele Muccino   主演: 威尔·史密斯 Will Smith ...
                            2006 / 美国 / 剧情 传记 家庭
                        ",9.2,1540429人评价,平民励志片。 
末代皇帝,https://movie.douban.com/subject/1293172/,"
                            导演: 贝纳尔多·贝托鲁奇 Bernardo Bertolucci   主演: 尊龙 John Lone / 陈...
                            1987 / 英国 意大利 中国大陆 法国 / 剧情 传记 历史
                        ",9.3,902187人评价,“不要跟我比惨，我比你更惨”再适合这部电影不过了。
寻梦环游记,https://movie.douban.com/subject/20495023/,"
                            导演: 李·昂克里奇 Lee Unkrich / 阿德里安·莫利纳 Adrian Molina   主演: ...
                            2017 / 美国 / 喜剧 动画 奇幻 音乐
                        ",9.1,1713408人评价,死亡不是真的逝去，遗忘才是永恒的消亡。
龙猫,https://movie.douban.com/subject/1291560/,"
                            导演: 宫崎骏 Hayao Miyazaki   主演: 日高法子 Noriko Hidaka / 坂本千夏 Ch...
                            1988 / 日本 / 动画 奇幻 冒险
                        ",9.2,1283823人评价,人人心中都有个龙猫，童年就永远不会消失。
怦然心动,https://movie.douban.com/subject/3319755/,"
                            导演: 罗伯·莱纳 Rob Reiner   主演: 玛德琳·卡罗尔 Madeline Carroll / 卡...
                            2010 / 美国 / 剧情 喜剧 爱情
                        ",9.1,1858938人评价,真正的幸福是来自内心深处。
活着,https://movie.douban.com/subject/1292365/,"
                            导演: 张艺谋 Yimou Zhang   主演: 葛优 You Ge / 巩俐 Li Gong / 姜武 Wu Jiang
                            1994 / 中国大陆 中国香港 / 剧情 历史 家庭
                        ",9.3,860576人评价,张艺谋最好的电影。
哈利·波特与魔法石,https://movie.douban.com/subject/1295038/,"
                            导演: Chris Columbus   主演: Daniel Radcliffe / Emma Watson / Rupert Grint
                            2001 / 美国 英国 / 奇幻 冒险
                        ",9.2,1214816人评价,童话世界的开端。
蝙蝠侠：黑暗骑士,https://movie.douban.com/subject/1851857/,"
                            导演: 克里斯托弗·诺兰 Christopher Nolan   主演: 克里斯蒂安·贝尔 Christ...
                            2008 / 美国 英国 / 剧情 动作 科幻 犯罪 惊悚
                        ",9.2,1077851人评价,无尽的黑暗。
指环王3：王者无敌,https://movie.douban.com/subject/1291552/,"
                            导演: 彼得·杰克逊 Peter Jackson   主演: 伊利亚·伍德 Elijah Wood / 西恩...
                            2003 / 美国 新西兰 / 剧情 动作 奇幻 冒险
                        ",9.3,815852人评价,史诗的终章。
我不是药神,https://movie.douban.com/subject/26752088/,"
                            导演: 文牧野 Muye Wen   主演: 徐峥 Zheng Xu / 王传君 Chuanjun Wang / 周...
                            2018 / 中国大陆 / 剧情 喜剧
                        ",9.0,2134756人评价,对我们国家而言，这样的电影多一部是一部。
乱世佳人,https://movie.douban.com/subject/1300267/,"
                            导演: 维克多·弗莱明 Victor Fleming / 乔治·库克 George Cukor   主演: 费...
                            1939 / 美国 / 剧情 历史 爱情 战争
                        ",9.3,702141人评价,Tomorrow is another day.
飞屋环游记,https://movie.douban.com/subject/2129039/,"
                            导演: 彼特·道格特 Pete Docter / 鲍勃·彼德森 Bob Peterson   主演: 爱德...
                            2009 / 美国 / 剧情 喜剧 动画 冒险
                        ",9.1,1345757人评价,最后那些最无聊的事情，才是最值得怀念的。 
素媛,https://movie.douban.com/subject/21937452/,"
                            导演: 李濬益 Jun-ik Lee   主演: 薛景求 Kyung-gu Sol / 严志媛 Ji-won Uhm ...
                            2013 / 韩国 / 剧情
                        ",9.3,697417人评价,受过伤害的人总是笑得最开心，因为他们不愿意让身边的人承受一样的痛苦。
哈尔的移动城堡,https://movie.douban.com/subject/1308807/,"
                            导演: 宫崎骏 Hayao Miyazaki   主演: 倍赏千惠子 Chieko Baishô / 木村拓...
                            2004 / 日本 / 动画 奇幻 冒险
                        ",9.1,1043183人评价,带着心爱的人在天空飞翔。
十二怒汉,https://movie.douban.com/subject/1293182/,"
                            导演: Sidney Lumet   主演: 亨利·方达 Henry Fonda / 马丁·鲍尔萨姆 Marti...
                            1957 / 美国 / 剧情
                        ",9.4,500071人评价,1957年的理想主义。 
何以为家,https://movie.douban.com/subject/30170448/,"
                            导演: 娜丁·拉巴基 Nadine Labaki   主演: 扎因·拉费阿 Zain al-Rafeea / ...
                            2018 / 黎巴嫩 美国 法国 塞浦路斯 卡塔尔 英国 / 剧情
                        ",9.1,1059761人评价,凝视卑弱生命，用电影改变命运。
摔跤吧！爸爸,https://movie.douban.com/subject/26387939/,"
                            导演: 涅提·蒂瓦里 Nitesh Tiwari   主演: 阿米尔·汗 Aamir Khan / 法缇玛...
                            2016 / 印度 / 剧情 传记 运动 家庭
                        ",9.0,1589911人评价,你不是在为你一个人战斗，你要让千千万万的女性看到女生并不是只能相夫教子。
让子弹飞,https://movie.douban.com/subject/3742360/,"
                            导演: 姜文 Wen Jiang   主演: 姜文 Wen Jiang / 葛优 You Ge / 周润发 Yun-F...
                            2010 / 中国大陆 中国香港 / 剧情 喜剧 动作 西部
                        ",9.0,1724307人评价,你给我翻译翻译，神马叫做TMD的惊喜。
猫鼠游戏,https://movie.douban.com/subject/1305487/,"
                            导演: 史蒂文·斯皮尔伯格 Steven Spielberg   主演: 莱昂纳多·迪卡普里奥 L...
                            2002 / 美国 加拿大 / 传记 犯罪 剧情
                        ",9.1,1046556人评价,骗子大师和执著警探的你追我跑故事。 
天空之城,https://movie.douban.com/subject/1291583/,"
                            导演: 宫崎骏 Hayao Miyazaki   主演: 田中真弓 Mayumi Tanaka / 横泽启子 Ke...
                            1986 / 日本 / 动画 奇幻 冒险
                        ",9.2,889857人评价,对天空的追逐，永不停止。 
鬼子来了,https://movie.douban.com/subject/1291858/,"
                            导演: 姜文 Wen Jiang   主演: 姜文 Wen Jiang / 香川照之 Teruyuki Kagawa /...
                            2000 / 中国大陆 / 剧情 喜剧
                        ",9.3,636428人评价,对敌人的仁慈，就是对自己残忍。
少年派的奇幻漂流,https://movie.douban.com/subject/1929463/,"
                            导演: 李安 Ang Lee   主演: 苏拉·沙玛 Suraj Sharma / 伊尔凡·可汗 Irrfan...
                            2012 / 美国 中国台湾 英国 加拿大 / 剧情 奇幻 冒险
                        ",9.1,1366107人评价,瑰丽壮观、无人能及的冒险之旅。
海蒂和爷爷,https://movie.douban.com/subject/25958717/,"
                            导演: 阿兰·葛斯彭纳 Alain Gsponer   主演: 阿努克·斯特芬 Anuk Steffen /...
                            2015 / 德国 瑞士 / 剧情 冒险 家庭
                        ",9.3,632494人评价,如果生活中有什么使你感到快乐，那就去做吧！不要管别人说什么。
钢琴家,https://movie.douban.com/subject/1296736/,"
                            导演: 罗曼·波兰斯基 Roman Polanski   主演: 艾德里安·布洛迪 Adrien Brod...
                            2002 / 英国 法国 波兰 德国 / 剧情 传记 战争 音乐
                        ",9.3,653322人评价,音乐能化解仇恨。
大话西游之月光宝盒,https://movie.douban.com/subject/1299398/,"
                            导演: 刘镇伟 Jeffrey Lau   主演: 周星驰 Stephen Chow / 吴孟达 Man Tat Ng...
                            1995 / 中国香港 中国大陆 / 喜剧 爱情 奇幻 古装
                        ",9.0,1237476人评价,旷古烁今。
指环王2：双塔奇兵,https://movie.douban.com/subject/1291572/,"
                            导演: 彼得·杰克逊 Peter Jackson   主演: 伊利亚·伍德 Elijah Wood / 西恩...
                            2002 / 美国 新西兰 / 剧情 动作 奇幻 冒险
                        ",9.2,765504人评价,承前启后的史诗篇章。
闻香识女人,https://movie.douban.com/subject/1298624/,"
                            导演: 马丁·布莱斯 Martin Brest   主演: 阿尔·帕西诺 Al Pacino / 克里斯...
                            1992 / 美国 / 剧情
                        ",9.1,901791人评价,史上最美的探戈。
死亡诗社,https://movie.douban.com/subject/1291548/,"
                            导演: 彼得·威尔 Peter Weir   主演: 罗宾·威廉姆斯 Robin Williams / 罗伯...
                            1989 / 美国 / 剧情
                        ",9.2,741685人评价,当一个死水般的体制内出现一个活跃的变数时，所有的腐臭都站在了光明的对面。
绿皮书,https://movie.douban.com/subject/27060077/,"
                            导演: 彼得·法雷里 Peter Farrelly   主演: 维果·莫腾森 Viggo Mortensen /...
                            2018 / 美国 中国大陆 / 剧情 喜剧 传记 音乐
                        ",8.9,1675740人评价,去除成见，需要勇气。
罗马假日,https://movie.douban.com/subject/1293839/,"
                            导演: 威廉·惠勒 William Wyler   主演: 奥黛丽·赫本 Audrey Hepburn / 格...
                            1953 / 美国 / 喜剧 剧情 爱情
                        ",9.1,961994人评价,爱情哪怕只有一天。
大闹天宫,https://movie.douban.com/subject/1418019/,"
                            导演: 万籁鸣 Laiming Wan   主演: 邱岳峰 Yuefeng Qiu / 富润生 Runsheng Fu...
                            1961(中国大陆) / 1964(中国大陆) / 1978(中国大陆) / 中国大陆 / 剧情 动画 奇幻 古装
                        ",9.4,446148人评价,经典之作，历久弥新。
天堂电影院,https://movie.douban.com/subject/1291828/,"
                            导演: 朱塞佩·托纳多雷 Giuseppe Tornatore   主演: 菲利普·努瓦雷 Philipp...
                            1988 / 意大利 法国 / 剧情 爱情
                        ",9.2,686263人评价,那些吻戏，那些青春，都在影院的黑暗里被泪水冲刷得无比清晰。
指环王1：护戒使者,https://movie.douban.com/subject/1291571/,"
                            导演: 彼得·杰克逊 Peter Jackson   主演: 伊利亚·伍德 Elijah Wood / 西恩...
                            2001 / 新西兰 美国 / 剧情 动作 奇幻 冒险
                        ",9.1,860255人评价,传说的开始。
黑客帝国,https://movie.douban.com/subject/1291843/,"
                            导演: 安迪·沃卓斯基 Andy Wachowski / 拉娜·沃卓斯基 Lana Wachowski   主...
                            1999 / 美国 / 动作 科幻
                        ",9.1,849508人评价,视觉革命。
教父2,https://movie.douban.com/subject/1299131/,"
                            导演: 弗朗西斯·福特·科波拉 Francis Ford Coppola   主演: 阿尔·帕西诺 A...
                            1974 / 美国 / 剧情 犯罪
                        ",9.3,562123人评价,优雅的孤独。
狮子王,https://movie.douban.com/subject/1301753/,"
                            导演: Roger Allers / 罗伯·明可夫 Rob Minkoff   主演: 乔纳森·泰勒·托马...
                            1994 / 美国 / 动画 冒险 歌舞
                        ",9.1,856418人评价,动物版《哈姆雷特》。
辩护人,https://movie.douban.com/subject/21937445/,"
                            导演: 杨宇硕 Woo-seok Yang   主演: 宋康昊 Kang-ho Song / 金英爱 Yeong-ae...
                            2013 / 韩国 / 剧情
                        ",9.2,595925人评价,电影的现实意义大过电影本身。
饮食男女,https://movie.douban.com/subject/1291818/,"
                            导演: 李安 Ang Lee   主演: 郎雄 Sihung Lung / 杨贵媚 Kuei-Mei Yang / 吴...
                            1994 / 中国台湾 美国 / 剧情 家庭
                        ",9.2,631212人评价,人生不能像做菜，把所有的料都准备好了才下锅。
搏击俱乐部,https://movie.douban.com/subject/1292000/,"
                            导演: 大卫·芬奇 David Fincher   主演: 爱德华·诺顿 Edward Norton / 布拉...
                            1999 / 美国 / 剧情 动作 悬疑 惊悚
                        ",9.0,858225人评价,邪恶与平庸蛰伏于同一个母体，在特定的时间互相对峙。
本杰明·巴顿奇事,https://movie.douban.com/subject/1485260/,"
                            导演: 大卫·芬奇 David Fincher   主演: 凯特·布兰切特 Cate Blanchett / ...
                            2008 / 美国 / 剧情 爱情 奇幻
                        ",9.0,997670人评价,在时间之河里感受溺水之苦。
美丽心灵,https://movie.douban.com/subject/1306029/,"
                            导演: 朗·霍华德 Ron Howard   主演: 罗素·克劳 Russell Crowe / 艾德·哈...
                            2001 / 美国 / 传记 剧情
                        ",9.1,779332人评价,爱是一切逻辑和原由。
穿条纹睡衣的男孩,https://movie.douban.com/subject/3008247/,"
                            导演: 马克·赫尔曼 Mark Herman   主演: 阿萨·巴特菲尔德 Asa Butterfield ...
                            2008 / 英国 美国 / 剧情 战争
                        ",9.2,575341人评价,尽管有些不切实际的幻想，这部电影依旧是一部感人肺腑的佳作。
窃听风暴,https://movie.douban.com/subject/1900841/,"
                            导演: 弗洛里安·亨克尔·冯·多纳斯马尔克 Florian Henckel von Donnersmarck  &n...
                            2006 / 德国 / 剧情 悬疑
                        ",9.2,572288人评价,别样人生。
情书,https://movie.douban.com/subject/1292220/,"
                            导演: 岩井俊二 Shunji Iwai   主演: 中山美穗 Miho Nakayama / 丰川悦司 Ets...
                            1995 / 日本 / 剧情 爱情
                        ",8.9,1132311人评价,暗恋的极致。
两杆大烟枪,https://movie.douban.com/subject/1293350/,"
                            导演: 盖·里奇 Guy Ritchie   主演: 杰森·弗莱明 Jason Flemyng / 德克斯特...
                            1998 / 英国 / 剧情 喜剧 犯罪
                        ",9.1,602469人评价,4个臭皮匠顶个诸葛亮，盖·里奇果然不是盖的。
西西里的美丽传说,https://movie.douban.com/subject/1292402/,"
                            导演: 朱塞佩·托纳多雷 Giuseppe Tornatore   主演: 莫妮卡·贝鲁奇 Monica ...
                            2000 / 意大利 美国 / 剧情 战争 情色
                        ",8.9,988799人评价,美丽无罪。
看不见的客人,https://movie.douban.com/subject/26580232/,"
                            导演: 奥里奥尔·保罗 Oriol Paulo   主演: 马里奥·卡萨斯 Mario Casas / 阿...
                            2016 / 西班牙 / 剧情 犯罪 悬疑 惊悚
                        ",8.8,1289723人评价,你以为你以为的就是你以为的。
音乐之声,https://movie.douban.com/subject/1294408/,"
                            导演: 罗伯特·怀斯 Robert Wise   主演: 朱莉·安德鲁斯 Julie Andrews / 克...
                            1965 / 美国 / 剧情 传记 爱情 歌舞
                        ",9.1,611594人评价,用音乐化解仇恨，让歌声串起美好。
阿凡达,https://movie.douban.com/subject/1652587/,"
                            导演: 詹姆斯·卡梅隆 James Cameron   主演: 萨姆·沃辛顿 Sam Worthington ...
                            2009 / 美国 / 动作 科幻 冒险
                        ",8.8,1439851人评价,绝对意义上的美轮美奂。
拯救大兵瑞恩,https://movie.douban.com/subject/1292849/,"
                            导演: 史蒂文·斯皮尔伯格 Steven Spielberg   主演: 汤姆·汉克斯 Tom Hanks...
                            1998 / 美国 / 剧情 战争
                        ",9.1,656289人评价,美利坚精神输出大片No1.
哈利·波特与死亡圣器(下),https://movie.douban.com/subject/3011235/,"
                            导演: 大卫·叶茨 David Yates   主演: 丹尼尔·雷德克里夫 Daniel Radcliffe...
                            2011 / 美国 英国 / 奇幻 冒险
                        ",9.0,846260人评价,10年的完美句点。
飞越疯人院,https://movie.douban.com/subject/1292224/,"
                            导演: 米洛斯·福尔曼 Miloš Forman   主演: 杰克·尼科尔森 Jack Nichols...
                            1975 / 美国 / 剧情
                        ",9.1,553797人评价,自由万岁。
小鞋子,https://movie.douban.com/subject/1303021/,"
                            导演: 马基德·马基迪 Majid Majidi   主演: 默罕默德·阿米尔·纳吉 Mohamma...
                            1997 / 伊朗 / 剧情 儿童 家庭
                        ",9.2,417170人评价,奔跑的孩子是天使。
沉默的羔羊,https://movie.douban.com/subject/1293544/,"
                            导演: 乔纳森·戴米 Jonathan Demme   主演: 朱迪·福斯特 Jodie Foster / 安...
                            1991 / 美国 / 剧情 犯罪 惊悚
                        ",8.9,903731人评价,安东尼·霍普金斯的顶级表演。
布达佩斯大饭店,https://movie.douban.com/subject/11525673/,"
                            导演: 韦斯·安德森 Wes Anderson   主演: 拉尔夫·费因斯 Ralph Fiennes / ...
                            2014 / 美国 德国 英国 / 剧情 喜剧 冒险
                        ",8.9,954293人评价,小清新的故事里注入了大历史的情怀。
功夫,https://movie.douban.com/subject/1291543/,"
                            导演: 周星驰 Stephen Chow   主演: 周星驰 Stephen Chow / 元秋 Qiu Yuen / ...
                            2004 / 中国大陆 中国香港 / 动作 喜剧 犯罪 奇幻
                        ",8.8,1155488人评价,警恶惩奸，维护世界和平这个任务就交给你了，好吗？
禁闭岛,https://movie.douban.com/subject/2334904/,"
                            导演: Martin Scorsese   主演: 莱昂纳多·迪卡普里奥 Leonardo DiCaprio / ...
                            2010 / 美国 / 剧情 悬疑 惊悚
                        ",8.9,993486人评价,昔日翩翩少年，今日大腹便便。
蝴蝶效应,https://movie.douban.com/subject/1292343/,"
                            导演: 埃里克·布雷斯 Eric Bress / J·麦基·格鲁伯 J. Mackye Gruber   主...
                            2004 / 美国 加拿大 / 剧情 悬疑 科幻 惊悚
                        ",8.9,952564人评价,人的命运被自己瞬间的抉择改变。
致命魔术,https://movie.douban.com/subject/1780330/,"
                            导演: 克里斯托弗·诺兰 Christopher Nolan   主演: 休·杰克曼 Hugh Jackman...
                            2006 / 英国 美国 / 剧情 悬疑 惊悚
                        ",8.9,873788人评价,孪生蝙蝠侠大战克隆金刚狼。
哈利·波特与阿兹卡班的囚徒,https://movie.douban.com/subject/1291544/,"
                            导演: Alfonso Cuarón   主演: 丹尼尔·雷德克里夫 Daniel Radcliffe / Emma...
                            2004 / 英国 美国 / 奇幻 冒险
                        ",8.9,746438人评价,不一样的导演，不一样的哈利·波特。
心灵捕手,https://movie.douban.com/subject/1292656/,"
                            导演: 格斯·范·桑特 Gus Van Sant   主演: 马特·达蒙 Matt Damon / 罗宾·...
                            1997 / 美国 / 剧情
                        ",8.9,725590人评价,人生中应该拥有这样的一段豁然开朗。
超脱,https://movie.douban.com/subject/5322596/,"
                            导演: 托尼·凯耶 Tony Kaye   主演: 艾德里安·布洛迪 Adrien Brody / 马西...
                            2011 / 美国 / 剧情
                        ",9.0,615105人评价,穷尽一生，我们要学会的，不过是彼此拥抱。
海豚湾,https://movie.douban.com/subject/3442220/,"
                            导演: 路易·西霍尤斯 Louie Psihoyos   主演: 路易·西霍尤斯 Louie Psihoyo...
                            2009 / 美国 / 纪录片
                        ",9.3,360427人评价,海豚的微笑，是世界上最高明的伪装。
低俗小说,https://movie.douban.com/subject/1291832/,"
                            导演: 昆汀·塔伦蒂诺 Quentin Tarantino   主演: 约翰·特拉沃尔塔 John Tra...
                            1994 / 美国 / 剧情 喜剧 犯罪
                        ",8.9,847224人评价,故事的高级讲法。
春光乍泄,https://movie.douban.com/subject/1292679/,"
                            导演: 王家卫 Kar Wai Wong   主演: 张国荣 Leslie Cheung / 梁朝伟 Tony Leu...
                            1997 / 中国香港 日本 韩国 / 剧情 爱情 同性
                        ",9.0,641256人评价,爱情纠缠，男女一致。
摩登时代,https://movie.douban.com/subject/1294371/,"
                            导演: 查理·卓别林 Charles Chaplin   主演: 查理·卓别林 Charles Chaplin ...
                            1936 / 美国 / 剧情 喜剧 爱情
                        ",9.3,306465人评价,大时代中的人生，小人物的悲喜。
美国往事,https://movie.douban.com/subject/1292262/,"
                            导演: 赛尔乔·莱翁内 Sergio Leone   主演: 罗伯特·德尼罗 Robert De Niro ...
                            1984 / 美国 意大利 / 犯罪 剧情
                        ",9.2,418097人评价,往事如烟，无处祭奠。
喜剧之王,https://movie.douban.com/subject/1302425/,"
                            导演: 周星驰 Stephen Chow / 李力持 Lik-Chi Lee   主演: 周星驰 Stephen Ch...
                            1999 / 中国香港 / 喜剧 剧情 爱情
                        ",8.8,984112人评价,我是一个演员。
致命ID,https://movie.douban.com/subject/1297192/,"
                            导演: 詹姆斯·曼高德 James Mangold   主演: 约翰·库萨克 John Cusack / 雷...
                            2003 / 美国 / 剧情 悬疑 惊悚
                        ",8.9,838930人评价,最不可能的那个人永远是最可能的。
杀人回忆,https://movie.douban.com/subject/1300299/,"
                            导演: 奉俊昊 Joon-ho Bong   主演: 宋康昊 Kang-ho Song / 金相庆 Sang-kyun...
                            2003 / 韩国 / 剧情 动作 犯罪 悬疑 惊悚
                        ",8.9,727888人评价,关于连环杀人悬案的集体回忆。
七宗罪,https://movie.douban.com/subject/1292223/,"
                            导演: 大卫·芬奇 David Fincher   主演: 摩根·弗里曼 Morgan Freeman / 布...
                            1995 / 美国 / 剧情 犯罪 悬疑 惊悚
                        ",8.8,954642人评价,警察抓小偷，老鼠玩死猫。
红辣椒,https://movie.douban.com/subject/1865703/,"
                            导演: 今敏 Satoshi Kon   主演: 林原惠美 Megumi Hayashibara / 江守彻 Toru...
                            2006 / 日本 / 动画 悬疑 科幻 惊悚
                        ",9.1,475344人评价,梦的勾结。
加勒比海盗,https://movie.douban.com/subject/1298070/,"
                            导演: 戈尔·维宾斯基 Gore Verbinski   主演: 约翰尼·德普 Johnny Depp / ...
                            2003 / 美国 / 动作 冒险 奇幻
                        ",8.8,871611人评价,约翰尼·德普的独角戏。
哈利·波特与密室,https://movie.douban.com/subject/1296996/,"
                            导演: Chris Columbus   主演: 丹尼尔·雷德克里夫 Daniel Radcliffe / 艾玛...
                            2002 / 英国 美国 / 奇幻 冒险
                        ",8.9,773680人评价,魔法的密室之门已打开...
一一,https://movie.douban.com/subject/1292434/,"
                            导演: 杨德昌 Edward Yang   主演: 吴念真 / 李凯莉 Kelly Lee / 金燕玲 Elai...
                            2000 / 中国台湾 日本 / 剧情 爱情 家庭
                        ",9.1,403311人评价,我们都曾经是一一。
狩猎,https://movie.douban.com/subject/6985810/,"
                            导演: 托马斯·温特伯格 Thomas Vinterberg   主演: 麦斯·米科尔森 Mads Mik...
                            2012 / 丹麦 瑞典 / 剧情
                        ",9.1,399288人评价,人言可畏。
唐伯虎点秋香,https://movie.douban.com/subject/1306249/,"
                            导演: 李力持 Lik-Chi Lee   主演: 周星驰 Stephen Chow / 巩俐 Li Gong / 陈...
                            1993 / 中国香港 / 喜剧 爱情 古装
                        ",8.7,1096334人评价,华太师是黄霑，吴镇宇四大才子之一。
7号房的礼物,https://movie.douban.com/subject/10777687/,"
                            导演: 李焕庆 Hwan-kyeong Lee   主演: 柳承龙 Seung-yong Ryoo / 朴信惠 Shi...
                            2013 / 韩国 / 剧情 喜剧 家庭
                        ",8.9,565138人评价,《我是山姆》的《美丽人生》。
被嫌弃的松子的一生,https://movie.douban.com/subject/1787291/,"
                            导演: 中岛哲也 Tetsuya Nakashima   主演: 中谷美纪 Miki Nakatani / 瑛太 E...
                            2006 / 日本 / 剧情 歌舞
                        ",8.9,711516人评价,以戏谑来戏谑戏谑。
请以你的名字呼唤我,https://movie.douban.com/subject/26799731/,"
                            导演: 卢卡·瓜达尼诺 Luca Guadagnino   主演: 艾米·汉莫 Armie Hammer / ...
                            2017 / 意大利 法国 巴西 美国 / 剧情 爱情 同性
                        ",8.8,733425人评价,沉醉在电影的情感和视听氛围中无法自拔。
蝙蝠侠：黑暗骑士崛起,https://movie.douban.com/subject/3395373/,"
                            导演: 克里斯托弗·诺兰 Christopher Nolan   主演: 克里斯蒂安·贝尔 Christ...
                            2012 / 美国 英国 / 剧情 动作 科幻 犯罪 惊悚
                        ",8.8,733756人评价,诺兰就是保证。
断背山,https://movie.douban.com/subject/1418834/,"
                            导演: 李安 Ang Lee   主演: 希斯·莱杰 Heath Ledger / 杰克·吉伦哈尔 Jake...
                            2005 / 美国 加拿大 / 剧情 爱情 同性 家庭
                        ",8.8,714910人评价,每个人心中都有一座断背山。
爱在黎明破晓前,https://movie.douban.com/subject/1296339/,"
                            导演: 理查德·林克莱特 Richard Linklater   主演: 伊桑·霍克 Ethan Hawke ...
                            1995 / 美国 奥地利 瑞士 / 剧情 爱情
                        ",8.8,695811人评价,缘分是个连绵词，最美不过一瞬。
剪刀手爱德华,https://movie.douban.com/subject/1292370/,"
                            导演: 蒂姆·波顿 Tim Burton   主演: 约翰尼·德普 Johnny Depp / 薇诺娜·...
                            1990 / 美国 / 剧情 奇幻 爱情
                        ",8.7,1045492人评价,浪漫忧郁的成人童话。
入殓师,https://movie.douban.com/subject/2149806/,"
                            导演: 泷田洋二郎 Yôjirô Takita   主演: 本木雅弘 Masahiro Motoki / ...
                            2008 / 日本 / 剧情
                        ",8.9,676715人评价,死可能是一道门，逝去并不是终结，而是超越，走向下一程。
第六感,https://movie.douban.com/subject/1297630/,"
                            导演: M·奈特·沙马兰 M. Night Shyamalan   主演: 布鲁斯·威利斯 Bruce Wi...
                            1999 / 美国 / 剧情 悬疑 惊悚
                        ",8.9,564428人评价,深入内心的恐怖，出人意料的结局。
重庆森林,https://movie.douban.com/subject/1291999/,"
                            导演: 王家卫 Kar Wai Wong   主演: 林青霞 Brigitte Lin / 金城武 Takeshi K...
                            1994 / 中国香港 / 剧情 爱情
                        ",8.8,823372人评价,寂寞没有期限。
勇敢的心,https://movie.douban.com/subject/1294639/,"
                            导演: 梅尔·吉布森 Mel Gibson   主演: 梅尔·吉布森 Mel Gibson / 苏菲·玛...
                            1995 / 美国 / 动作 传记 剧情 历史 战争
                        ",8.9,563868人评价,史诗大片的典范。
超能陆战队,https://movie.douban.com/subject/11026735/,"
                            导演: 唐·霍尔 Don Hall / 克里斯·威廉姆斯 Chris Williams   主演: 斯科特...
                            2014 / 美国 / 喜剧 动作 科幻 动画 冒险
                        ",8.7,1029794人评价,Balalala~~~
甜蜜蜜,https://movie.douban.com/subject/1305164/,"
                            导演: 陈可辛 Peter Chan   主演: 黎明 Leon Lai / 张曼玉 Maggie Cheung / ...
                            1996 / 中国香港 / 剧情 爱情
                        ",8.9,565962人评价,相逢只要一瞬间，等待却像是一辈子。
幽灵公主,https://movie.douban.com/subject/1297359/,"
                            导演: 宫崎骏 Hayao Miyazaki   主演: 松田洋治 Yôji Matsuda / 石田百合...
                            1997 / 日本 / 动画 奇幻 冒险
                        ",8.9,531459人评价,人与自然的战争史诗。
爱在日落黄昏时,https://movie.douban.com/subject/1291990/,"
                            导演: 理查德·林克莱特 Richard Linklater   主演: 伊桑·霍克 Ethan Hawke ...
                            2004 / 美国 法国 / 剧情 爱情
                        ",8.9,571689人评价,九年后的重逢是世俗和责任的交叠，没了悸动和青涩，沧桑而温暖。
菊次郎的夏天,https://movie.douban.com/subject/1293359/,"
                            导演: 北野武 Takeshi Kitano   主演: 北野武 Takeshi Kitano / 关口雄介 Yus...
                            1999 / 日本 / 剧情 喜剧
                        ",8.9,604714人评价,从没见过那么流氓的温柔，从没见过那么温柔的流氓。
借东西的小人阿莉埃蒂,https://movie.douban.com/subject/4202302/,"
                            导演: 米林宏昌 Hiromasa Yonebayashi   主演: 志田未来 Mirai Shida / 神木...
                            2010 / 日本 / 动画 奇幻 冒险
                        ",8.9,562118人评价,曾经的那段美好会沉淀为一辈子的记忆。
消失的爱人,https://movie.douban.com/subject/21318488/,"
                            导演: 大卫·芬奇 David Fincher   主演: 本·阿弗莱克 Ben Affleck / 罗莎蒙...
                            2014 / 美国 / 剧情 犯罪 悬疑 惊悚
                        ",8.7,969283人评价,年度最佳date movie。
寄生虫,https://movie.douban.com/subject/27010768/,"
                            导演: 奉俊昊 Joon-ho Bong   主演: 宋康昊 Kang-ho Song / 李善均 Seon-gyun...
                            2019 / 韩国 / 剧情
                        ",8.8,1389423人评价,
阳光灿烂的日子,https://movie.douban.com/subject/1291875/,"
                            导演: 姜文 Wen Jiang   主演: 夏雨 Yu Xia / 宁静 Jing Ning / 陶虹 Hong Tao
                            1994 / 中国大陆 中国香港 / 剧情 爱情
                        ",8.8,622516人评价,一场华丽的意淫。
天使爱美丽,https://movie.douban.com/subject/1292215/,"
                            导演: 让-皮埃尔·热内 Jean-Pierre Jeunet   主演: 奥黛丽·塔图 Audrey Tau...
                            2001 / 法国 德国 / 剧情 喜剧 爱情
                        ",8.7,961943人评价,法式小清新。 
完美的世界,https://movie.douban.com/subject/1300992/,"
                            导演: 克林特·伊斯特伍德 Clint Eastwood   主演: 凯文·科斯特纳 Kevin Cos...
                            1993 / 美国 / 剧情 犯罪
                        ",9.1,320098人评价,坏人的好总是比好人的好来得更感人。
小森林 夏秋篇,https://movie.douban.com/subject/25814705/,"
                            导演: 森淳一 Junichi Mori   主演: 桥本爱 Ai Hashimoto / 三浦贵大 Takahir...
                            2014 / 日本 / 剧情
                        ",9.0,431284人评价,那些静得只能听见呼吸的日子里，你明白孤独即生活。
倩女幽魂,https://movie.douban.com/subject/1297447/,"
                            导演: 程小东 Siu-Tung Ching   主演: 张国荣 Leslie Cheung / 王祖贤 Joey W...
                            1987 / 中国香港 / 爱情 奇幻 武侠 古装
                        ",8.8,747699人评价,两张绝世的脸。 
无人知晓,https://movie.douban.com/subject/1292337/,"
                            导演: 是枝裕和 Hirokazu Koreeda   主演: 柳乐优弥 Yûya Yagira / 北浦爱...
                            2004 / 日本 / 剧情
                        ",9.1,324127人评价,我的平常生活就是他人的幸福。
时空恋旅人,https://movie.douban.com/subject/10577869/,"
                            导演: 理查德·柯蒂斯 Richard Curtis   主演: 多姆纳尔·格里森 Domhnall Gl...
                            2013 / 英国 / 喜剧 爱情 奇幻
                        ",8.8,686334人评价,把每天当作最后一天般珍惜度过，积极拥抱生活，就是幸福。
侧耳倾听,https://movie.douban.com/subject/1297052/,"
                            导演: 近藤喜文 Yoshifumi Kondo   主演: 本名阳子 Youko Honna / 小林桂树 K...
                            1995 / 日本 / 剧情 爱情 动画
                        ",8.9,469591人评价,少女情怀总是诗。
未麻的部屋,https://movie.douban.com/subject/1395091/,"
                            导演: 今敏 Satoshi Kon   主演: 岩男润子 Junko Iwao / 松本梨香 Rica Matsu...
                            1997 / 日本 / 动画 奇幻 惊悚
                        ",9.1,344219人评价,好的剧本是，就算你猜到了结局也猜不到全部。
幸福终点站,https://movie.douban.com/subject/1292274/,"
                            导演: 史蒂文·斯皮尔伯格 Steven Spielberg   主演: 汤姆·汉克斯 Tom Hanks...
                            2004 / 美国 / 喜剧 剧情 爱情
                        ",8.8,579794人评价,有时候幸福需要等一等。 
驯龙高手,https://movie.douban.com/subject/2353023/,"
                            导演: 迪恩·德布洛斯 Dean DeBlois / 克里斯·桑德斯 Chris Sanders   主演:...
                            2010 / 美国 / 动画 奇幻 冒险
                        ",8.8,766415人评价,和谐的生活离不开摸头与被摸头。
哈利·波特与火焰杯,https://movie.douban.com/subject/1309055/,"
                            导演: 迈克·内威尔 Mike Newell   主演: 丹尼尔·雷德克里夫 Daniel Radclif...
                            2005 / 英国 美国 / 悬疑 奇幻 冒险
                        ",8.8,675008人评价,
小森林 冬春篇,https://movie.douban.com/subject/25814707/,"
                            导演: 森淳一 Junichi Mori   主演: 桥本爱 Ai Hashimoto / 三浦贵大 Takahir...
                            2015 / 日本 / 剧情
                        ",9.0,383888人评价,尊敬他人，尊敬你生活的这片土地，明白孤独是人生的常态。
一个叫欧维的男人决定去死,https://movie.douban.com/subject/26628357/,"
                            导演: 汉内斯·赫尔姆 Hannes Holm   主演: 罗夫·拉斯加德 Rolf Lassgård...
                            2015 / 瑞典 / 剧情
                        ",8.9,492513人评价,惠及一生的美丽。
教父3,https://movie.douban.com/subject/1294240/,"
                            导演: 弗朗西斯·福特·科波拉 Francis Ford Coppola   主演: 阿尔·帕西诺 A...
                            1990 / 美国 / 剧情 犯罪
                        ",9.0,380683人评价,任何信念的力量，都无法改变命运。
怪兽电力公司,https://movie.douban.com/subject/1291579/,"
                            导演: 彼特·道格特 Pete Docter / 大卫·斯沃曼 David Silverman   主演: 约...
                            2001 / 美国 / 儿童 喜剧 动画 奇幻 冒险
                        ",8.8,683946人评价,不要给它起名字，起了名字就有感情了。
傲慢与偏见,https://movie.douban.com/subject/1418200/,"
                            导演: 乔·怀特 Joe Wright   主演: 凯拉·奈特莉 Keira Knightley / 马修·...
                            2005 / 法国 英国 美国 / 剧情 爱情
                        ",8.7,814335人评价,爱是摈弃傲慢与偏见之后的曙光。
玩具总动员3,https://movie.douban.com/subject/1858711/,"
                            导演: 李·昂克里奇 Lee Unkrich   主演: 汤姆·汉克斯 Tom Hanks / 蒂姆·艾...
                            2010 / 美国 / 喜剧 动画 奇幻 冒险
                        ",8.9,526431人评价,跨度十五年的欢乐与泪水。
萤火之森,https://movie.douban.com/subject/5989818/,"
                            导演: 大森贵弘 Takahiro Omori   主演: 佐仓绫音 Ayane Sakura / 内山昂辉 K...
                            2011 / 日本 / 剧情 爱情 动画 奇幻
                        ",8.9,548024人评价,触不到的恋人。
新世界,https://movie.douban.com/subject/10437779/,"
                            导演: 朴勋政 Hoon-jung Park   主演: 李政宰 Jung-Jae Lee / 崔岷植 Min-sik...
                            2013 / 韩国 / 剧情 犯罪
                        ",8.9,446199人评价,要做就做得狠一点，这样才能活下去。
釜山行,https://movie.douban.com/subject/25986180/,"
                            导演: 延尚昊 Sang-ho Yeon   主演: 孔侑 Yoo Gong / 郑有美 Yu-mi Jung / 马...
                            2016 / 韩国 / 动作 惊悚 灾难
                        ",8.6,1216001人评价,揭露人性的丧尸题材力作。
被解救的姜戈,https://movie.douban.com/subject/6307447/,"
                            导演: 昆汀·塔伦蒂诺 Quentin Tarantino   主演: 杰米·福克斯 Jamie Foxx /...
                            2012 / 美国 / 剧情 动作 西部 冒险
                        ",8.8,617931人评价,热血沸腾，那个低俗、性感的无耻混蛋又来了。
神偷奶爸,https://movie.douban.com/subject/3287562/,"
                            导演: 皮艾尔·柯芬 Pierre Coffin / 克里斯·雷纳德 Chris Renaud   主演: ...
                            2010 / 美国 法国 / 喜剧 动画 冒险
                        ",8.7,959155人评价,Mr. I Don't Care其实也有Care的时候。
茶馆,https://movie.douban.com/subject/1461403/,"
                            导演: 谢添 Tian Xie   主演: 于是之 Shizhi Yu / 郑榕 Rong Zhen / 蓝天野 T...
                            1982(中国大陆) / 中国大陆 / 剧情 历史
                        ",9.6,152987人评价,
告白,https://movie.douban.com/subject/4268598/,"
                            导演: 中岛哲也 Tetsuya Nakashima   主演: 松隆子 Takako Matsu / 冈田将生 ...
                            2010 / 日本 / 剧情 悬疑
                        ",8.8,679072人评价,没有一人完全善，也没有一人完全恶。
玛丽和马克思,https://movie.douban.com/subject/3072124/,"
                            导演: 亚当·艾略特 Adam Elliot   主演: 托妮·科莱特 Toni Collette / 菲利...
                            2009 / 澳大利亚 美国 / 剧情 喜剧 动画
                        ",9.0,425293人评价,你是我最好的朋友，你是我唯一的朋友 。
哪吒闹海,https://movie.douban.com/subject/1307315/,"
                            导演: 王树忱 Shuchen Wang / 严定宪 Dingxian Yan   主演: 梁正晖 Zhenghui ...
                            1979 / 中国大陆 / 冒险 动画 奇幻
                        ",9.2,264086人评价,想你时你在闹海。
大鱼,https://movie.douban.com/subject/1291545/,"
                            导演: 蒂姆·波顿 Tim Burton   主演: 伊万·麦克格雷格 Ewan McGregor / 阿...
                            2003 / 美国 / 剧情 家庭 奇幻 冒险
                        ",8.8,574832人评价,抱着梦想而活着的人是幸福的，怀抱梦想而死去的人是不朽的。
九品芝麻官,https://movie.douban.com/subject/1297518/,"
                            导演: 王晶 Jing Wong   主演: 周星驰 Stephen Chow / 吴孟达 Man Tat Ng / ...
                            1994 / 中国香港 中国大陆 / 剧情 喜剧 古装
                        ",8.7,692912人评价,
色，戒,https://movie.douban.com/subject/1828115/,"
                            导演: 李安 Ang Lee   主演: 梁朝伟 Tony Leung Chiu Wai / 汤唯 Wei Tang / ...
                            2007 / 中国台湾 中国大陆 美国 中国香港 / 剧情 爱情 情色
                        ",8.7,825709人评价,假戏真情，爱欲深海
喜宴,https://movie.douban.com/subject/1303037/,"
                            导演: 李安 Ang Lee   主演: 赵文瑄 Winston Chao / 归亚蕾 Ya-lei Kuei / 郎...
                            1993 / 中国台湾 美国 / 剧情 喜剧 爱情 同性 家庭
                        ",9.0,369898人评价,中国家庭的喜怒哀乐忍。
模仿游戏,https://movie.douban.com/subject/10463953/,"
                            导演: 莫滕·泰杜姆 Morten Tyldum   主演: 本尼迪克特·康伯巴奇 Benedict C...
                            2014 / 英国 美国 / 剧情 传记 战争 同性
                        ",8.8,656662人评价,他给机器起名“克里斯托弗”，因为这是他初恋的名字。
头号玩家,https://movie.douban.com/subject/4920389/,"
                            导演: 史蒂文·斯皮尔伯格 Steven Spielberg   主演: 泰伊·谢里丹 Tye Sheri...
                            2018 / 美国 / 动作 科幻 冒险
                        ",8.7,1385300人评价,写给影迷，动漫迷和游戏迷的一封情书。
射雕英雄传之东成西就,https://movie.douban.com/subject/1316510/,"
                            导演: 刘镇伟 Jeffrey Lau   主演: 梁朝伟 Tony Leung Chiu Wai / 林青霞 Bri...
                            1993 / 中国香港 / 喜剧 奇幻 武侠 古装
                        ",8.7,646268人评价,百看不厌。 
花样年华,https://movie.douban.com/subject/1291557/,"
                            导演: 王家卫 Kar Wai Wong   主演: 梁朝伟 Tony Leung Chiu Wai / 张曼玉 Ma...
                            2000 / 中国香港 / 剧情 爱情
                        ",8.8,618673人评价,偷情本没有这样美。
我是山姆,https://movie.douban.com/subject/1306861/,"
                            导演: 杰茜·尼尔森 Jessie Nelson   主演: Sean Penn / Dakota Fanning / Mi...
                            2001 / 美国 / 剧情 家庭
                        ",9.0,342759人评价,爱并不需要智商 。
阳光姐妹淘,https://movie.douban.com/subject/4917726/,"
                            导演: 姜炯哲 Hyeong-Cheol Kang   主演: 沈恩京 Eun-kyung Shim / 闵孝琳 Hy...
                            2011 / 韩国 / 剧情 喜剧
                        ",8.8,595598人评价,再多各自牛逼的时光，也比不上一起傻逼的岁月。 
头脑特工队,https://movie.douban.com/subject/10533913/,"
                            导演: 彼特·道格特 Pete Docter / 罗纳尔多·德尔·卡门 Ronaldo Del Carmen  &nb...
                            2015 / 美国 / 喜剧 动画 冒险
                        ",8.8,625552人评价,愿我们都不用长大，每一座城堡都能永远存在。
血战钢锯岭,https://movie.douban.com/subject/26325320/,"
                            导演: 梅尔·吉布森 Mel Gibson   主演: 安德鲁·加菲尔德 Andrew Garfield /...
                            2016 / 澳大利亚 美国 / 剧情 传记 历史 战争
                        ",8.7,791666人评价,优秀的战争片不会美化战场，不会粉饰死亡，不会矮化敌人，不会无视常识，最重要的，不会宣扬战争。
七武士,https://movie.douban.com/subject/1295399/,"
                            导演: 黑泽明 Akira Kurosawa   主演: 三船敏郎 Toshirô Mifune / 志村乔 ...
                            1954 / 日本 / 动作 冒险 剧情
                        ",9.3,201584人评价,时代悲歌。
恐怖直播,https://movie.douban.com/subject/21360417/,"
                            导演: 金秉祐 Byeong-woo Kim   主演: 河正宇 Jung-woo Ha / 李璟荣 Kyeong-y...
                            2013 / 韩国 / 剧情 犯罪 悬疑
                        ",8.7,660777人评价,恐怖分子的“秋菊打官司”。
惊魂记,https://movie.douban.com/subject/1293181/,"
                            导演: 阿尔弗雷德·希区柯克 Alfred Hitchcock   主演: 安东尼·博金斯 Antho...
                            1960 / 美国 / 悬疑 惊悚 恐怖
                        ",9.0,301777人评价,故事的反转与反转，分裂电影的始祖。
黑客帝国3：矩阵革命,https://movie.douban.com/subject/1302467/,"
                            导演: 拉娜·沃卓斯基 Lana Wachowski / 莉莉·沃卓斯基 Lilly Wachowski   ...
                            2003 / 美国 / 动作 科幻
                        ",8.8,452721人评价,不得不说，《黑客帝国》系列是商业片与科幻、哲学完美结合的典范。
你的名字。,https://movie.douban.com/subject/26683290/,"
                            导演: 新海诚 Makoto Shinkai   主演: 神木隆之介 Ryûnosuke Kamiki / 上...
                            2016 / 日本 / 剧情 爱情 动画
                        ",8.5,1427858人评价,穿越错位的时空，仰望陨落的星辰，你没留下你的名字，我却无法忘记那句“我爱你”。
电锯惊魂,https://movie.douban.com/subject/1417598/,"
                            导演: 詹姆斯·温 James Wan   主演: 雷·沃纳尔 Leigh Whannell / 加利·艾...
                            2004 / 美国 / 悬疑 惊悚 恐怖
                        ",8.7,543070人评价,真相就在眼前。
三块广告牌,https://movie.douban.com/subject/26611804/,"
                            导演: 马丁·麦克唐纳 Martin McDonagh   主演: 弗兰西斯·麦克多蒙德 France...
                            2017 / 英国 美国 / 剧情 犯罪
                        ",8.7,830234人评价,怼天怼地，你走后，她与世界为敌。
达拉斯买家俱乐部,https://movie.douban.com/subject/1793929/,"
                            导演: 让-马克·瓦雷 Jean-Marc Vallée   主演: 马修·麦康纳 Matthew McCon...
                            2013 / 美国 / 剧情 传记 同性
                        ",8.8,458467人评价,Jared Leto的腿比女人还美！
疯狂原始人,https://movie.douban.com/subject/1907966/,"
                            导演: 科克·德·米科 Kirk De Micco / 克里斯·桑德斯 Chris Sanders   主演...
                            2013 / 美国 / 喜剧 动画 冒险
                        ",8.7,848886人评价,老少皆宜，这就是好莱坞动画的魅力。
心迷宫,https://movie.douban.com/subject/25917973/,"
                            导演: 忻钰坤 Yukun Xin   主演: 霍卫民 Weimin Huo / 王笑天 Xiaotian Wang ...
                            2014 / 中国大陆 / 剧情 犯罪 悬疑
                        ",8.7,530779人评价,荒诞讽刺，千奇百巧，抽丝剥茧，百转千回。
谍影重重3,https://movie.douban.com/subject/1578507/,"
                            导演: 保罗·格林格拉斯 Paul Greengrass   主演: 马特·达蒙 Matt Damon / ...
                            2007 / 美国 德国 法国 英国 / 动作 悬疑 惊悚
                        ",8.8,424349人评价,像吃了苏打饼一样干脆的电影。
上帝之城,https://movie.douban.com/subject/1292208/,"
                            导演: 费尔南多·梅里尔斯 Fernando Meirelles / 卡迪亚·兰德 Kátia Lund   ...
                            2002 / 巴西 法国 / 犯罪 剧情
                        ",9.0,304700人评价,被上帝抛弃了的上帝之城。
英雄本色,https://movie.douban.com/subject/1297574/,"
                            导演: 吴宇森 John Woo   主演: 周润发 Yun-Fat Chow / 狄龙 Lung Ti / 张国...
                            1986 / 中国香港 / 剧情 动作 犯罪
                        ",8.6,549124人评价,英雄泪短，兄弟情长。 
风之谷,https://movie.douban.com/subject/1291585/,"
                            导演: 宫崎骏 Hayao Miyazaki   主演: 岛本须美 Sumi Shimamoto / 松田洋治 Y...
                            1984 / 日本 / 动画 奇幻 冒险
                        ",8.9,358551人评价,动画片的圣经。
纵横四海,https://movie.douban.com/subject/1295409/,"
                            导演: 吴宇森 John Woo   主演: 周润发 Yun-Fat Chow / 张国荣 Leslie Cheung...
                            1991 / 中国香港 / 剧情 喜剧 动作 犯罪
                        ",8.8,431721人评价,香港浪漫主义警匪动作片的巅峰之作。
卢旺达饭店,https://movie.douban.com/subject/1291822/,"
                            导演: 特瑞·乔治 Terry George   主演: 唐·钱德尔 Don Cheadle / 苏菲·奥...
                            2004 / 英国 南非 意大利 美国 / 剧情 传记 历史 战争
                        ",8.9,334519人评价,当这个世界闭上双眼，他却敞开了怀抱。
海街日记,https://movie.douban.com/subject/25895901/,"
                            导演: 是枝裕和 Hirokazu Koreeda   主演: 绫濑遥 Haruka Ayase / 长泽雅美 M...
                            2015 / 日本 / 剧情 家庭
                        ",8.8,455942人评价,是枝裕和的家庭习作。
爱在午夜降临前,https://movie.douban.com/subject/10808442/,"
                            导演: 理查德·林克莱特 Richard Linklater   主演: 伊桑·霍克 Ethan Hawke ...
                            2013 / 美国 希腊 / 剧情 爱情
                        ",8.9,410327人评价,所谓爱情，就是话唠一路，都不会心生腻烦，彼此嫌弃。
绿里奇迹,https://movie.douban.com/subject/1300374/,"
                            导演: 弗兰克·德拉邦特 Frank Darabont   主演: 汤姆·汉克斯 Tom Hanks / ...
                            1999 / 美国 / 犯罪 剧情 奇幻 悬疑
                        ",8.9,335842人评价,天使暂时离开。
记忆碎片,https://movie.douban.com/subject/1304447/,"
                            导演: 克里斯托弗·诺兰 Christopher Nolan   主演: 盖·皮尔斯 Guy Pearce /...
                            2000 / 美国 / 犯罪 剧情 悬疑 惊悚
                        ",8.7,612063人评价,一个针管引发的血案。
小丑,https://movie.douban.com/subject/27119724/,"
                            导演: 托德·菲利普斯 Todd Phillips   主演: 杰昆·菲尼克斯 Joaquin Phoeni...
                            2019 / 美国 加拿大 / 剧情 犯罪 惊悚
                        ",8.7,1020490人评价,
疯狂的石头,https://movie.douban.com/subject/1862151/,"
                            导演: 宁浩 Hao Ning   主演: 郭涛 Tao Guo / 刘桦 Hua Liu / 连晋 Teddy Lin
                            2006 / 中国大陆 中国香港 / 喜剧 犯罪
                        ",8.6,834185人评价,中国版《两杆大烟枪》。
背靠背，脸对脸,https://movie.douban.com/subject/1307856/,"
                            导演: 黄建新 Jianxin Huang / 杨亚洲 Yazhou Yang   主演: 牛振华 Zhenhua N...
                            1994 / 中国大陆 中国香港 / 剧情
                        ",9.5,138260人评价,
雨中曲,https://movie.douban.com/subject/1293460/,"
                            导演: 斯坦利·多南 Stanley Donen / 吉恩·凯利 Gene Kelly   主演: 吉恩·...
                            1952 / 美国 / 喜剧 歌舞 爱情
                        ",9.1,230319人评价,骨灰级歌舞片。
岁月神偷,https://movie.douban.com/subject/3792799/,"
                            导演: 罗启锐 Alex Law   主演: 吴君如 Sandra Ng / 任达华 Simon Yam / 钟绍...
                            2010 / 中国香港 中国大陆 / 剧情 家庭
                        ",8.7,578948人评价,岁月流逝，来日可追。
2001太空漫游,https://movie.douban.com/subject/1292226/,"
                            导演: 斯坦利·库布里克 Stanley Kubrick   主演: 凯尔·杜拉 Keir Dullea / ...
                            1968 / 英国 美国 / 科幻 惊悚 冒险
                        ",8.9,336949人评价,现代科幻电影的开山之作，最伟大导演的最伟大影片。
心灵奇旅,https://movie.douban.com/subject/24733428/,"
                            导演: 彼特·道格特 Pete Docter / 凯普·鲍尔斯 Kemp Powers   主演: 杰米·...
                            2020 / 美国 / 动画 奇幻 音乐
                        ",8.7,997959人评价,
忠犬八公物语,https://movie.douban.com/subject/1959195/,"
                            导演: 神山征二郎 Seijirô Kôyama   主演: 仲代达矢 Tatsuya Nakadai /...
                            1987 / 日本 / 剧情
                        ",9.2,198562人评价,养狗三日，便会对你终其一生。
荒蛮故事,https://movie.douban.com/subject/24750126/,"
                            导演: 达米安·斯兹弗隆 Damián Szifron   主演: 达里奥·葛兰帝内提 Darío...
                            2014 / 阿根廷 西班牙 / 剧情 喜剧 犯罪
                        ",8.8,449556人评价,始于荒诞，止于更荒诞。
无间道2,https://movie.douban.com/subject/1307106/,"
                            导演: 刘伟强 / 麦兆辉   主演: 陈冠希 Edison Chen / 余文乐 Shawn Yue / 曾...
                            2003 / 中国香港 / 剧情 犯罪 惊悚
                        ",8.7,487902人评价,
小偷家族,https://movie.douban.com/subject/27622447/,"
                            导演: 是枝裕和 Hirokazu Koreeda   主演: 中川雅也 Lily Franky / 安藤樱 Sa...
                            2018 / 日本 / 剧情 犯罪 家庭
                        ",8.7,820697人评价,我们组成了家。
无敌破坏王,https://movie.douban.com/subject/6534248/,"
                            导演: 瑞奇·莫尔 Rich Moore   主演: 约翰·C·赖利 John C. Reilly / 萨拉...
                            2012 / 美国 / 喜剧 动画 奇幻 冒险
                        ",8.7,548094人评价,迪士尼和皮克斯拿错剧本的产物。
爆裂鼓手,https://movie.douban.com/subject/25773932/,"
                            导演: 达米恩·查泽雷 Damien Chazelle   主演: 迈尔斯·特勒 Miles Teller /...
                            2014 / 美国 / 剧情 音乐
                        ",8.7,596654人评价,这个世界从不善待努力的人，努力了也不一定会成功，但是知道自己在努力，就是活下去的动力。
冰川时代,https://movie.douban.com/subject/1291578/,"
                            导演: 卡洛斯·沙尔丹哈 Carlos Saldanha / 克里斯·韦奇 Chris Wedge   主演...
                            2002 / 美国 / 喜剧 动画 冒险
                        ",8.6,623727人评价,松鼠才是角儿。
恐怖游轮,https://movie.douban.com/subject/3011051/,"
                            导演: 克里斯托弗·史密斯 Christopher Smith   主演: 梅利莎·乔治 Melissa ...
                            2009 / 英国 澳大利亚 / 剧情 悬疑 惊悚
                        ",8.5,877841人评价,不要企图在重复中寻找已经失去的爱。
贫民窟的百万富翁,https://movie.douban.com/subject/2209573/,"
                            导演: 丹尼·鲍尔 Danny Boyle / 洛芙琳·坦丹 Loveleen Tandan   主演: 戴夫...
                            2008 / 英国 / 剧情 爱情
                        ",8.6,752930人评价,上帝之城+猜火车+阿甘正传+开心辞典=山寨富翁
牯岭街少年杀人事件,https://movie.douban.com/subject/1292329/,"
                            导演: 杨德昌 Edward Yang   主演: 张震 Chen Chang / 杨静怡 Lisa Yang / 张...
                            1991 / 中国台湾 / 剧情 犯罪
                        ",8.9,306915人评价,弱者送给弱者的一刀。
东邪西毒,https://movie.douban.com/subject/1292328/,"
                            导演: 王家卫 Kar Wai Wong   主演: 张国荣 Leslie Cheung / 林青霞 Brigitte...
                            1994 / 中国香港 中国台湾 / 剧情 动作 爱情 武侠 古装
                        ",8.6,583260人评价,电影诗。
魔女宅急便,https://movie.douban.com/subject/1307811/,"
                            导演: 宫崎骏 Hayao Miyazaki   主演: 高山南 Minami Takayama / 佐久间玲 Re...
                            1989 / 日本 / 动画 奇幻 冒险
                        ",8.7,466377人评价,宫崎骏的电影总让人感觉世界是美好的，阳光明媚的。
遗愿清单,https://movie.douban.com/subject/1867345/,"
                            导演: 罗伯·莱纳 Rob Reiner   主演: 杰克·尼科尔森 Jack Nicholson / 摩根...
                            2007 / 美国 / 冒险 喜剧 剧情
                        ",8.7,470114人评价,用剩余不多的时间，去燃烧整个生命。
东京教父,https://movie.douban.com/subject/1310177/,"
                            导演: 今敏 Satoshi Kon   主演: 江守彻 Toru Emori / 梅垣义明 Yoshiaki Ume...
                            2003 / 日本 / 剧情 喜剧 动画
                        ",9.0,236009人评价,
大佛普拉斯,https://movie.douban.com/subject/27059130/,"
                            导演: 黄信尧 Hsin-yao Huang   主演: 庄益增 Yizeng Zhuang / 陈竹昇 Chu-sh...
                            2017 / 中国台湾 / 剧情 喜剧
                        ",8.7,468118人评价,人们可以登上月球，却永远无法探索人们内心的宇宙。
你看起来好像很好吃,https://movie.douban.com/subject/4848115/,"
                            导演: 藤森雅也 Masaya Fujimori   主演: 山口胜平 Kappei Yamaguchi / 爱河...
                            2010 / 日本 / 剧情 动画 儿童
                        ",8.9,337587人评价,感情不分食草或者食肉。
真爱至上,https://movie.douban.com/subject/1292401/,"
                            导演: 理查德·柯蒂斯 Richard Curtis   主演: 休·格兰特 Hugh Grant / 连姆...
                            2003 / 英国 美国 法国 / 喜剧 剧情 爱情
                        ",8.6,738333人评价,爱，是个动词。
黑天鹅,https://movie.douban.com/subject/1978709/,"
                            导演: 达伦·阿罗诺夫斯基 Darren Aronofsky   主演: 娜塔莉·波特曼 Natalie...
                            2010 / 美国 / 剧情 惊悚
                        ",8.6,787376人评价,黑暗之美。
可可西里,https://movie.douban.com/subject/1308857/,"
                            导演: 陆川 Chuan Lu   主演: 多布杰 Duobujie / 张磊 Lei Zhang / 亓亮 Qi L...
                            2004 / 中国大陆 中国香港 / 剧情 犯罪
                        ",8.9,307817人评价,坚硬的信仰。
城市之光,https://movie.douban.com/subject/1293908/,"
                            导演: Charles Chaplin   主演: 查理·卓别林 Charles Chaplin / 弗吉尼亚·...
                            1931 / 美国 / 喜剧 剧情 爱情
                        ",9.3,149590人评价,永远的小人物，伟大的卓别林。
源代码,https://movie.douban.com/subject/3075287/,"
                            导演: 邓肯·琼斯 Duncan Jones   主演: 杰克·吉伦哈尔 Jake Gyllenhaal / ...
                            2011 / 美国 加拿大 / 科幻 悬疑 惊悚
                        ",8.5,844943人评价,邓肯·琼斯继《月球》之后再度奉献出一部精彩绝伦的科幻佳作。
海边的曼彻斯特,https://movie.douban.com/subject/25980443/,"
                            导演: 肯尼斯·罗纳根 Kenneth Lonergan   主演: 卡西·阿弗莱克 Casey Affle...
                            2016 / 美国 / 剧情 家庭
                        ",8.6,553286人评价,我们都有权利不与自己的过去和解。
雨人,https://movie.douban.com/subject/1291870/,"
                            导演: 巴瑞·莱文森 Barry Levinson   主演: 达斯汀·霍夫曼 Dustin Hoffman ...
                            1988 / 美国 / 剧情
                        ",8.7,408717人评价,生活在自己的世界里，也可以让周围的人显得可笑和渺小。
波西米亚狂想曲,https://movie.douban.com/subject/5300054/,"
                            导演: 布莱恩·辛格 Bryan Singer   主演: 拉米·马雷克 Rami Malek / 本·哈...
                            2018 / 英国 美国 / 剧情 传记 同性 音乐
                        ",8.6,614437人评价,
初恋这件小事,https://movie.douban.com/subject/4739952/,"
                            导演: 普特鹏·普罗萨卡·那·萨克那卡林 Puttipong Promsaka Na Sakolnakorn / 华森·波克彭...
                            2010 / 泰国 / 剧情 喜剧 爱情
                        ",8.5,988097人评价,黑小鸭速效美白记。
恋恋笔记本,https://movie.douban.com/subject/1309163/,"
                            导演: 尼克·卡索维茨 Nick Cassavetes   主演: 瑞恩·高斯林 Ryan Gosling /...
                            2004 / 美国 / 剧情 爱情
                        ",8.5,680012人评价,爱情没有那么多借口，如果不能圆满，只能说明爱的不够。 
人工智能,https://movie.douban.com/subject/1302827/,"
                            导演: 史蒂文·斯皮尔伯格 Steven Spielberg   主演: 海利·乔·奥斯蒙 Haley...
                            2001 / 美国 英国 / 剧情 科幻
                        ",8.7,452948人评价,对爱的执着，可以超越一切。
青蛇,https://movie.douban.com/subject/1303394/,"
                            导演: 徐克 Hark Tsui   主演: 张曼玉 Maggie Cheung / 王祖贤 Joey Wang / ...
                            1993 / 中国香港 中国大陆 / 剧情 爱情 奇幻 古装
                        ",8.6,534413人评价,人生如此，浮生如斯。谁人言，花彼岸，此生情长意短。谁都是不懂爱的罢了。
虎口脱险,https://movie.douban.com/subject/1296909/,"
                            导演: 杰拉尔·乌里 Gérard Oury   主演: 路易·德·菲耐斯 Louis de Funès...
                            1966 / 法国 英国 / 喜剧 战争
                        ",8.9,261321人评价,永远看不腻的喜剧。
末路狂花,https://movie.douban.com/subject/1291992/,"
                            导演: 雷德利·斯科特 Ridley Scott   主演: 吉娜·戴维斯 Geena Davis / 苏...
                            1991 / 美国 英国 法国 / 犯罪 剧情 惊悚
                        ",8.9,264334人评价,没有了退路，只好飞向自由。
终结者2：审判日,https://movie.douban.com/subject/1291844/,"
                            导演: 詹姆斯·卡梅隆 James Cameron   主演: 阿诺·施瓦辛格 Arnold Schwarz...
                            1991 / 美国 法国 / 动作 科幻
                        ",8.8,346231人评价,少见的超越首部的续集，动作片中的经典。
疯狂的麦克斯4：狂暴之路,https://movie.douban.com/subject/3592854/,"
                            导演: 乔治·米勒 George Miller   主演: 汤姆·哈迪 Tom Hardy / 查理兹·塞...
                            2015 / 澳大利亚 美国 / 动作 科幻 冒险
                        ",8.7,537873人评价,“多么美好的一天！”轰轰轰砰咚，啪哒哒哒轰隆隆，磅~
罗生门,https://movie.douban.com/subject/1291879/,"
                            导演: 黑泽明 Akira Kurosawa   主演: 三船敏郎 Toshirô Mifune / 京町子 ...
                            1950 / 日本 / 剧情 犯罪 悬疑
                        ",8.8,319491人评价,人生的N种可能性。
新龙门客栈,https://movie.douban.com/subject/1292287/,"
                            导演: 李惠民 Raymond Lee   主演: 张曼玉 Maggie Cheung / 林青霞 Brigitte ...
                            1992 / 中国香港 中国大陆 / 动作 爱情 武侠 古装
                        ",8.7,450972人评价,嬉笑怒骂，调风动月。
无耻混蛋,https://movie.douban.com/subject/1438652/,"
                            导演: 昆汀·塔伦蒂诺 Quentin Tarantino   主演: 布拉德·皮特 Brad Pitt / ...
                            2009 / 德国 美国 / 剧情 犯罪
                        ",8.7,486194人评价,昆汀同学越来越变态了，比北野武还杜琪峰。
千钧一发,https://movie.douban.com/subject/1300117/,"
                            导演: 安德鲁·尼科尔 Andrew Niccol   主演: 伊桑·霍克 Ethan Hawke / 乌玛...
                            1997 / 美国 / 剧情 科幻 惊悚
                        ",8.8,304758人评价,一部能引人思考的科幻励志片。
崖上的波妞,https://movie.douban.com/subject/1959877/,"
                            导演: 宫崎骏 Hayao Miyazaki   主演: 奈良柚莉爱 Yuria Nara / 土井洋辉 Hir...
                            2008 / 日本 / 动画 奇幻 冒险
                        ",8.6,506128人评价,
萤火虫之墓,https://movie.douban.com/subject/1293318/,"
                            导演: 高畑勋 Isao Takahata   主演: 辰己努 / 白石绫乃 / 志乃原良子
                            1988 / 日本 / 动画 剧情 战争
                        ",8.7,408401人评价,幸福是生生不息，却难以触及的远。 
芙蓉镇,https://movie.douban.com/subject/1297880/,"
                            导演: 谢晋 Jin Xie   主演: 刘晓庆 Xiaoqing Liu / 姜文 Wen Jiang / 郑在石...
                            1987 / 中国大陆 / 剧情 爱情
                        ",9.3,144244人评价,
花束般的恋爱,https://movie.douban.com/subject/34874432/,"
                            导演: 土井裕泰 Nobuhiro Doi   主演: 菅田将晖 Masaki Suda / 有村架纯 Kasu...
                            2021 / 日本 / 剧情 爱情
                        ",8.6,640895人评价,
彗星来的那一夜,https://movie.douban.com/subject/25807345/,"
                            导演: 詹姆斯·沃德·布柯特 James Ward Byrkit   主演: 艾米丽·芭尔多尼 Em...
                            2013 / 美国 英国 / 科幻 悬疑 惊悚
                        ",8.6,591128人评价,小成本大魅力。
奇迹男孩,https://movie.douban.com/subject/26787574/,"
                            导演: 斯蒂芬·卓博斯基 Stephen Chbosky   主演: 雅各布·特伦布莱 Jacob Tr...
                            2017 / 美国 中国香港 / 剧情 儿童 家庭
                        ",8.6,556881人评价,世界不完美，爱会有奇迹。
爱乐之城,https://movie.douban.com/subject/25934014/,"
                            导演: 达米恩·查泽雷 Damien Chazelle   主演: 瑞恩·高斯林 Ryan Gosling /...
                            2016 / 美国 / 剧情 爱情 歌舞
                        ",8.4,913462人评价,
黑客帝国2：重装上阵,https://movie.douban.com/subject/1304141/,"
                            导演: 拉娜·沃卓斯基 Lana Wachowski / 莉莉·沃卓斯基 Lilly Wachowski   ...
                            2003 / 美国 / 动作 科幻
                        ",8.7,411639人评价,一个精彩的世界观正在缓缓建立。
二十二,https://movie.douban.com/subject/26430107/,"
                            导演: 郭柯 Ke Guo   主演: 
                            2015 / 中国大陆 / 纪录片
                        ",8.7,294319人评价,有一些东西不应该被遗忘。
哈利·波特与死亡圣器(上),https://movie.douban.com/subject/2051007/,"
                            导演: 大卫·叶茨 David Yates   主演: 丹尼尔·雷德克里夫 Daniel Radcliffe...
                            2010 / 英国 美国 / 奇幻 冒险
                        ",8.5,587737人评价,最忠于原著的一部。
血钻,https://movie.douban.com/subject/1428175/,"
                            导演: 爱德华·兹威克 Edward Zwick   主演: 莱昂纳多·迪卡普里奥 Leonardo ...
                            2006 / 美国 德国 英国 / 剧情 惊悚 冒险
                        ",8.7,385076人评价,每个美丽事物背后都是滴血的现实。
战争之王,https://movie.douban.com/subject/1419936/,"
                            导演: 安德鲁·尼科尔 Andrew Niccol   主演: 尼古拉斯·凯奇 Nicolas Cage /...
                            2005 / 美国 德国 / 剧情 犯罪
                        ",8.7,373949人评价,做一颗让别人需要你的棋子。
步履不停,https://movie.douban.com/subject/2222996/,"
                            导演: 是枝裕和 Hirokazu Koreeda   主演: 阿部宽 Hiroshi Abe / 夏川结衣 Yu...
                            2008 / 日本 / 剧情 家庭
                        ",8.8,283456人评价,日本的家庭电影已经是世界巅峰了，步履不停是巅峰中的佳作。
火星救援,https://movie.douban.com/subject/25864085/,"
                            导演: 雷德利·斯科特 Ridley Scott   主演: 马特·达蒙 Matt Damon / 杰西卡...
                            2015 / 英国 美国 匈牙利 约旦 / 剧情 科幻 冒险
                        ",8.5,740410人评价,
房间,https://movie.douban.com/subject/25724855/,"
                            导演: 伦尼·阿伯拉罕森 Lenny Abrahamson   主演: 布丽·拉尔森 Brie Larson...
                            2015 / 爱尔兰 加拿大 英国 美国 / 剧情 家庭
                        ",8.8,371439人评价,被偷走的岁月，被伤害的生命，被禁锢的灵魂，终将被希望和善意救赎。
魂断蓝桥,https://movie.douban.com/subject/1293964/,"
                            导演: 茂文·勒鲁瓦 Mervyn LeRoy   主演: 费雯·丽 Vivien Leigh / 罗伯特·...
                            1940 / 美国 / 剧情 爱情 战争
                        ",8.8,282489人评价,中国式内在的美国电影。
千年女优,https://movie.douban.com/subject/1307394/,"
                            导演: 今敏 Satoshi Kon   主演: 庄司美代子 Miyoko Shôji / 小山茉美 Mam...
                            2001 / 日本 / 动画 剧情 爱情
                        ",8.8,273325人评价,爱情是一场没有尽头的虚幻追逐。
谍影重重2,https://movie.douban.com/subject/1308767/,"
                            导演: 保罗·格林格拉斯 Paul Greengrass   主演: 马特·达蒙 Matt Damon / ...
                            2004 / 美国 德国 / 动作 悬疑 惊悚
                        ",8.7,358054人评价,谁说王家卫镜头很晃？
白日梦想家,https://movie.douban.com/subject/2133323/,"
                            导演: 本·斯蒂勒 Ben Stiller   主演: 本·斯蒂勒 Ben Stiller / 克里斯汀·...
                            2013 / 美国 英国 / 剧情 喜剧 冒险
                        ",8.6,495622人评价,
哈利·波特与凤凰社,https://movie.douban.com/subject/1457217/,"
                            导演: 大卫·叶茨 David Yates   主演: 丹尼尔·雷德克里夫 Daniel Radcliffe...
                            2007 / 英国 美国 / 奇幻 冒险
                        ",8.5,582001人评价,
弱点,https://movie.douban.com/subject/3552028/,"
                            导演: 约翰·李·汉考克 John Lee Hancock   主演: 桑德拉·布洛克 Sandra Bu...
                            2009 / 美国 / 剧情 家庭 传记 运动
                        ",8.7,314702人评价,拍掉身上的悲伤，从今天开始重新踏上追梦之旅。
蜘蛛侠：平行宇宙,https://movie.douban.com/subject/26374197/,"
                            导演: 鲍勃·佩尔西凯蒂 Bob Persichetti / 彼得·拉姆齐 Peter Ramsey   主...
                            2018 / 美国 / 动作 科幻 动画 冒险
                        ",8.6,676791人评价,
谍影重重,https://movie.douban.com/subject/1304102/,"
                            导演: 道格·里曼 Doug Liman   主演: 马特·达蒙 Matt Damon / 弗兰卡·波坦...
                            2002 / 美国 德国 捷克 / 动作 悬疑 惊悚
                        ",8.6,434046人评价,哗啦啦啦啦，天在下雨，哗啦啦啦啦，云在哭泣……找自己。
阿飞正传,https://movie.douban.com/subject/1305690/,"
                            导演: 王家卫 Kar Wai Wong   主演: 张国荣 Leslie Cheung / 张曼玉 Maggie C...
                            1990 / 中国香港 / 犯罪 剧情 爱情
                        ",8.5,517520人评价,王家卫是一种风格，张国荣是一个代表。
朗读者,https://movie.douban.com/subject/2213597/,"
                            导演: 史蒂芬·戴德利 Stephen Daldry   主演: 凯特·温丝莱特 Kate Winslet ...
                            2008 / 美国 德国 / 剧情 爱情
                        ",8.6,457742人评价,当爱情跨越年龄的界限，它似乎能变得更久远一点，成为一种责任，一种水到渠成的相濡以沫。 
燃情岁月,https://movie.douban.com/subject/1295865/,"
                            导演: 爱德华·兹威克 Edward Zwick   主演: 布拉德·皮特 Brad Pitt / 安东...
                            1994 / 美国 / 剧情 爱情 战争 西部
                        ",8.7,290581人评价,传奇，不是每个人都可以拥有。
再次出发之纽约遇见你,https://movie.douban.com/subject/6874403/,"
                            导演: 约翰·卡尼 John Carney   主演: 凯拉·奈特莉 Keira Knightley / 马克...
                            2013 / 美国 / 喜剧 爱情 音乐
                        ",8.6,432373人评价,爱我就给我看你的播放列表。
高山下的花环,https://movie.douban.com/subject/1422283/,"
                            导演: 谢晋 Jin Xie   主演: 吕晓禾 Xiaohe Lü / 唐国强 Guoqiang Tang / 何...
                            1984(中国大陆) / 1985 / 中国大陆 / 剧情 战争
                        ",9.5,89740人评价,
香水,https://movie.douban.com/subject/1760622/,"
                            导演: 汤姆·提克威 Tom Tykwer   主演: 本·卫肖 Ben Whishaw / 艾伦·瑞克...
                            2006 / 德国 法国 西班牙 美国 比利时 / 剧情 犯罪 奇幻
                        ",8.5,549886人评价,一个单凭体香达到高潮的男人。
